<?xml version="1.0" encoding="UTF-8" ?>

<routes xmlns="http://symfony.com/schema/routing"
        xmlns:xsi="http://www.w3.org/2001/XMLSchema-instance"
        xsi:schemaLocation="http://symfony.com/schema/routing
        http://symfony.com/schema/routing/routing-1.0.xsd">

    <route id="liip_imagine_filter_runtime" path="/media/cache/resolve/{filter}/rc/{hash}/{path}" methods="GET">
        <default key="_controller">%liip_imagine.controller.filter_runtime_action%</default>
        <requirement key="filter">[A-z0-9_\-]*</requirement>
        <requirement key="path">.+</requirement>
    </route>

    <route id="liip_imagine_filter" path="/media/cache/resolve/{filter}/{path}" methods="GET">
        <default key="_controller">%liip_imagine.controller.filter_action%</default>
        <requirement key="filter">[A-z0-9_\-]*</requirement>
        <requirement key="path">.+</requirement>
    </route>
</routes>
